date,d_entries,d_exits,station,line
2015-01-01,8977.0,5411.0,116 ST,6
2015-01-02,12870.0,7255.0,116 ST,6
2015-01-03,10039.0,6111.0,116 ST,6
2015-01-04,8752.0,5137.0,116 ST,6
2015-01-05,16164.0,8888.0,116 ST,6
2015-01-06,16497.0,9008.0,116 ST,6
2015-01-07,16077.0,8769.0,116 ST,6
2015-01-08,15113.0,8421.0,116 ST,6
2015-01-09,16371.0,8741.0,116 ST,6
2015-01-10,10730.0,6528.0,116 ST,6
2015-01-11,8791.0,5549.0,116 ST,6
2015-01-12,15600.0,8520.0,116 ST,6
2015-01-13,16529.0,8713.0,116 ST,6
2015-01-14,16594.0,9112.0,116 ST,6
2015-01-15,16651.0,9126.0,116 ST,6
2015-01-16,17156.0,9385.0,116 ST,6
2015-01-17,10647.0,6006.0,116 ST,6
2015-01-18,7900.0,4960.0,116 ST,6
2015-01-19,11143.0,6357.0,116 ST,6
2015-01-20,16507.0,8954.0,116 ST,6
2015-01-21,16861.0,9078.0,116 ST,6
2015-01-22,16531.0,8765.0,116 ST,6
2015-01-23,17301.0,9505.0,116 ST,6
2015-01-24,10405.0,6455.0,116 ST,6
2015-01-25,9247.0,5787.0,116 ST,6
2015-01-26,14037.0,7959.0,116 ST,6
2015-01-27,4763.0,3011.0,116 ST,6
2015-01-28,15585.0,8023.0,116 ST,6
2015-01-29,16573.0,8824.0,116 ST,6
2015-01-30,17003.0,9043.0,116 ST,6
2015-01-31,12239.0,7522.0,116 ST,6
2015-02-01,10152.0,6202.0,116 ST,6
2015-02-02,14292.0,7422.0,116 ST,6
2015-02-03,17118.0,9060.0,116 ST,6
2015-02-05,17646.0,9413.0,116 ST,6
2015-02-06,17200.0,9463.0,116 ST,6
2015-02-07,12197.0,6891.0,116 ST,6
2015-02-08,10242.0,5920.0,116 ST,6
2015-02-09,16222.0,8528.0,116 ST,6
2015-02-10,17683.0,9333.0,116 ST,6
2015-02-11,18158.0,9615.0,116 ST,6
2015-02-12,17113.0,9188.0,116 ST,6
2015-02-13,16948.0,7632.0,116 ST,6
2015-02-14,11525.0,5802.0,116 ST,6
2015-02-15,8520.0,8224.0,116 ST,6
2015-02-16,9727.0,5612.0,116 ST,6
2015-02-17,14262.0,7417.0,116 ST,6
2015-02-18,15117.0,8270.0,116 ST,6
2015-02-19,14837.0,8142.0,116 ST,6
2015-02-20,14045.0,7788.0,116 ST,6
2015-02-21,10863.0,6611.0,116 ST,6
2015-02-22,9399.0,5843.0,116 ST,6
2015-02-23,16479.0,8452.0,116 ST,6
2015-02-24,17001.0,8998.0,116 ST,6
2015-02-25,17496.0,9239.0,116 ST,6
2015-02-26,17310.0,9457.0,116 ST,6
2015-02-27,17596.0,9668.0,116 ST,6
2015-02-28,12147.0,7092.0,116 ST,6
2015-03-01,9232.0,5911.0,116 ST,6
2015-03-02,15949.0,8476.0,116 ST,6
2015-03-03,17722.0,9305.0,116 ST,6
2015-03-04,17671.0,9304.0,116 ST,6
2015-03-05,15994.0,8963.0,116 ST,6
2015-03-06,17223.0,9669.0,116 ST,6
2015-03-07,12438.0,7480.0,116 ST,6
2015-03-08,10277.0,6619.0,116 ST,6
2015-03-09,17360.0,9653.0,116 ST,6
2015-03-10,17312.0,9479.0,116 ST,6
2015-03-11,17166.0,8979.0,116 ST,6
2015-03-12,17087.0,9070.0,116 ST,6
2015-03-13,17317.0,9409.0,116 ST,6
2015-03-14,11179.0,6901.0,116 ST,6
2015-03-15,9652.0,6426.0,116 ST,6
2015-03-16,16953.0,9262.0,116 ST,6
2015-03-17,17856.0,9985.0,116 ST,6
2015-03-18,17899.0,9923.0,116 ST,6
2015-03-19,17708.0,10003.0,116 ST,6
2015-03-20,17220.0,9551.0,116 ST,6
2015-03-21,8732.0,6326.0,116 ST,6
2015-03-22,6578.0,5265.0,116 ST,6
2015-03-23,16627.0,8912.0,116 ST,6
2015-03-24,17574.0,9469.0,116 ST,6
2015-03-25,17720.0,9671.0,116 ST,6
2015-03-26,17454.0,9451.0,116 ST,6
2015-03-27,18250.0,9750.0,116 ST,6
2015-03-28,8742.0,6046.0,116 ST,6
2015-03-29,6631.0,5176.0,116 ST,6
2015-03-30,16493.0,8942.0,116 ST,6
2015-03-31,17615.0,9629.0,116 ST,6
2015-04-01,18203.0,9389.0,116 ST,6
2015-04-02,17910.0,9399.0,116 ST,6
2015-04-03,11433.0,5900.0,116 ST,6
2015-04-04,11168.0,5502.0,116 ST,6
2015-04-05,6109.0,2577.0,116 ST,6
2015-04-06,13582.0,6663.0,116 ST,6
2015-04-07,14270.0,6887.0,116 ST,6
2015-04-08,15083.0,9919.0,116 ST,6
2015-04-09,14677.0,8105.0,116 ST,6
2015-04-10,15132.0,8260.0,116 ST,6
2015-04-11,11799.0,6702.0,116 ST,6
2015-04-12,9722.0,5663.0,116 ST,6
2015-04-13,17162.0,8964.0,116 ST,6
2015-04-14,17781.0,9197.0,116 ST,6
2015-04-15,18157.0,9356.0,116 ST,6
2015-04-16,17680.0,9543.0,116 ST,6
2015-04-17,17508.0,9454.0,116 ST,6
2015-04-18,8668.0,3619.0,116 ST,6
2015-04-19,6574.0,2841.0,116 ST,6
2015-04-20,15687.0,8173.0,116 ST,6
2015-04-21,17594.0,9139.0,116 ST,6
2015-04-22,17792.0,9347.0,116 ST,6
2015-04-23,17817.0,9261.0,116 ST,6
2015-04-24,17954.0,9418.0,116 ST,6
2015-04-25,8270.0,6093.0,116 ST,6
2015-04-26,5973.0,4706.0,116 ST,6
2015-04-27,16470.0,8599.0,116 ST,6
2015-04-28,17860.0,9268.0,116 ST,6
2015-04-29,18040.0,9513.0,116 ST,6
2015-04-30,17908.0,9209.0,116 ST,6
2015-05-01,18250.0,9782.0,116 ST,6
2015-05-02,8698.0,3436.0,116 ST,6
2015-05-03,7772.0,2961.0,116 ST,6
2015-05-04,16755.0,8516.0,116 ST,6
2015-05-05,17923.0,9359.0,116 ST,6
2015-05-06,18032.0,9405.0,116 ST,6
2015-05-07,18248.0,9589.0,116 ST,6
2015-05-08,18325.0,9759.0,116 ST,6
2015-05-09,12002.0,7313.0,116 ST,6
2015-05-10,9738.0,6285.0,116 ST,6
2015-05-11,16777.0,8821.0,116 ST,6
2015-05-12,17686.0,9188.0,116 ST,6
2015-05-13,17926.0,9399.0,116 ST,6
2015-05-14,17616.0,9469.0,116 ST,6
2015-05-15,18077.0,9706.0,116 ST,6
2015-05-16,11772.0,6972.0,116 ST,6
2015-05-17,9774.0,5684.0,116 ST,6
2015-05-18,16834.0,8751.0,116 ST,6
2015-05-19,17464.0,9474.0,116 ST,6
2015-05-20,18001.0,9199.0,116 ST,6
2015-05-21,17877.0,9335.0,116 ST,6
2015-05-22,17602.0,9222.0,116 ST,6
2015-05-23,11376.0,6650.0,116 ST,6
2015-05-24,9948.0,6061.0,116 ST,6
2015-05-25,9549.0,5665.0,116 ST,6
2015-05-26,17037.0,9172.0,116 ST,6
2015-05-27,17995.0,9504.0,116 ST,6
2015-05-28,17646.0,9210.0,116 ST,6
2015-05-29,18062.0,9820.0,116 ST,6
2015-05-30,12020.0,6706.0,116 ST,6
2015-05-31,9592.0,6029.0,116 ST,6
2015-06-01,16622.0,8679.0,116 ST,6
2015-06-02,16360.0,8777.0,116 ST,6
2015-06-03,18092.0,9577.0,116 ST,6
2015-06-04,16806.0,8934.0,116 ST,6
2015-06-05,17847.0,9591.0,116 ST,6
2015-06-06,12247.0,6716.0,116 ST,6
2015-06-07,10215.0,5909.0,116 ST,6
2015-06-08,17113.0,9174.0,116 ST,6
2015-06-09,17216.0,9252.0,116 ST,6
2015-06-10,17952.0,9442.0,116 ST,6
2015-06-11,17776.0,9424.0,116 ST,6
2015-06-12,17924.0,9780.0,116 ST,6
2015-06-13,16820.0,10452.0,116 ST,6
2015-06-14,10993.0,6223.0,116 ST,6
2015-06-15,15986.0,8869.0,116 ST,6
2015-06-16,16606.0,8967.0,116 ST,6
2015-06-17,17480.0,9252.0,116 ST,6
2015-06-18,16997.0,9175.0,116 ST,6
2015-06-19,17615.0,9425.0,116 ST,6
2015-06-20,12512.0,7337.0,116 ST,6
2015-06-21,9584.0,5921.0,116 ST,6
2015-06-22,16259.0,8732.0,116 ST,6
2015-06-23,16041.0,8640.0,116 ST,6
2015-06-24,16689.0,8752.0,116 ST,6
2015-06-25,16563.0,8828.0,116 ST,6
2015-06-26,7021.0,4522.0,116 ST,6
2015-06-27,20559.0,11169.0,116 ST,6
2015-06-28,9495.0,5230.0,116 ST,6
2015-06-29,14774.0,8097.0,116 ST,6
2015-06-30,15237.0,8138.0,116 ST,6
2015-07-01,15673.0,8300.0,116 ST,6
2015-07-02,15649.0,8452.0,116 ST,6
2015-07-03,12442.0,6745.0,116 ST,6
2015-07-04,9639.0,5498.0,116 ST,6
2015-07-05,8839.0,5744.0,116 ST,6
2015-07-06,15326.0,8361.0,116 ST,6
2015-07-07,15739.0,8445.0,116 ST,6
2015-07-08,15962.0,8670.0,116 ST,6
2015-07-09,16094.0,8509.0,116 ST,6
2015-07-10,15997.0,8480.0,116 ST,6
2015-07-11,11759.0,6483.0,116 ST,6
2015-07-12,9486.0,5475.0,116 ST,6
2015-07-13,15168.0,7895.0,116 ST,6
2015-07-14,15594.0,8566.0,116 ST,6
2015-07-15,15822.0,8401.0,116 ST,6
2015-07-16,17065.0,9050.0,116 ST,6
2015-07-17,15961.0,8514.0,116 ST,6
2015-07-18,8369.0,3478.0,116 ST,6
2015-07-19,6615.0,2690.0,116 ST,6
2015-07-20,14793.0,7760.0,116 ST,6
2015-07-21,15458.0,8503.0,116 ST,6
2015-07-22,15966.0,8531.0,116 ST,6
2015-07-23,16040.0,8478.0,116 ST,6
2015-07-24,15814.0,8788.0,116 ST,6
2015-07-25,11426.0,6423.0,116 ST,6
2015-07-26,9290.0,5216.0,116 ST,6
2015-07-27,14935.0,7962.0,116 ST,6
2015-07-28,15542.0,8518.0,116 ST,6
2015-07-29,15585.0,8213.0,116 ST,6
2015-07-30,15107.0,8332.0,116 ST,6
2015-07-31,16122.0,8752.0,116 ST,6
2015-08-01,12964.0,6800.0,116 ST,6
2015-08-02,10579.0,5942.0,116 ST,6
2015-08-03,15303.0,8162.0,116 ST,6
2015-08-04,15722.0,8334.0,116 ST,6
2015-08-05,15658.0,8486.0,116 ST,6
2015-08-06,15768.0,8784.0,116 ST,6
2015-08-07,15648.0,8297.0,116 ST,6
2015-08-08,11335.0,6504.0,116 ST,6
2015-08-09,9762.0,5913.0,116 ST,6
2015-08-10,14698.0,7984.0,116 ST,6
2015-08-11,14333.0,7980.0,116 ST,6
2015-08-12,15734.0,8409.0,116 ST,6
2015-08-13,15413.0,8620.0,116 ST,6
2015-08-14,15310.0,8380.0,116 ST,6
2015-08-15,11401.0,7117.0,116 ST,6
2015-08-16,9431.0,5917.0,116 ST,6
2015-08-17,14075.0,7567.0,116 ST,6
2015-08-18,14362.0,7789.0,116 ST,6
2015-08-19,15008.0,8067.0,116 ST,6
2015-08-20,14749.0,7673.0,116 ST,6
2015-08-21,14771.0,7808.0,116 ST,6
2015-08-22,11321.0,7214.0,116 ST,6
2015-08-23,9381.0,6035.0,116 ST,6
2015-08-24,14117.0,7761.0,116 ST,6
2015-08-25,14464.0,7885.0,116 ST,6
2015-08-26,14920.0,8193.0,116 ST,6
2015-08-27,15109.0,8212.0,116 ST,6
2015-08-28,15363.0,8499.0,116 ST,6
2015-08-29,11575.0,6591.0,116 ST,6
2015-08-30,9582.0,5735.0,116 ST,6
2015-08-31,14536.0,7727.0,116 ST,6
2015-09-01,15560.0,8307.0,116 ST,6
2015-09-02,15479.0,8177.0,116 ST,6
2015-09-03,15633.0,8358.0,116 ST,6
2015-09-04,15431.0,8288.0,116 ST,6
2015-09-05,11625.0,6683.0,116 ST,6
2015-09-06,9560.0,5553.0,116 ST,6
2015-09-07,9347.0,5340.0,116 ST,6
2015-09-08,15910.0,8404.0,116 ST,6
2015-09-09,17786.0,9487.0,116 ST,6
2015-09-10,17406.0,9285.0,116 ST,6
2015-09-11,17917.0,9595.0,116 ST,6
2015-09-12,12020.0,6853.0,116 ST,6
2015-09-13,9852.0,5766.0,116 ST,6
2015-09-14,14842.0,7864.0,116 ST,6
2015-09-15,15557.0,8316.0,116 ST,6
2015-09-16,18457.0,9332.0,116 ST,6
2015-09-17,18307.0,9541.0,116 ST,6
2015-09-18,18260.0,9587.0,116 ST,6
2015-09-19,9023.0,3739.0,116 ST,6
2015-09-20,7001.0,3045.0,116 ST,6
2015-09-21,17419.0,8580.0,116 ST,6
2015-09-22,17512.0,9101.0,116 ST,6
2015-09-23,15523.0,7919.0,116 ST,6
2015-09-24,16327.0,8314.0,116 ST,6
2015-09-25,18615.0,9530.0,116 ST,6
2015-09-26,8695.0,3517.0,116 ST,6
2015-09-27,6764.0,2919.0,116 ST,6
2015-09-28,17168.0,8536.0,116 ST,6
2015-09-29,18343.0,9466.0,116 ST,6
2015-10-03,63882.0,34941.0,116 ST,6
2015-10-04,8807.0,5691.0,116 ST,6
2015-10-05,17209.0,9093.0,116 ST,6
2015-10-06,17724.0,9381.0,116 ST,6
2015-10-07,13087.0,6590.0,116 ST,6
2015-10-08,14348.0,9038.0,116 ST,6
2015-10-09,27045.0,13273.0,116 ST,6
2015-10-10,11899.0,6545.0,116 ST,6
2015-10-11,9752.0,6124.0,116 ST,6
2015-10-12,12828.0,7142.0,116 ST,6
2015-10-13,18171.0,9086.0,116 ST,6
2015-10-14,18421.0,9427.0,116 ST,6
2015-10-15,18385.0,9481.0,116 ST,6
2015-10-16,18247.0,9480.0,116 ST,6
2015-10-17,11834.0,6494.0,116 ST,6
2015-10-18,9628.0,5609.0,116 ST,6
2015-10-19,17425.0,8839.0,116 ST,6
2015-10-20,18243.0,9540.0,116 ST,6
2015-10-21,18700.0,9635.0,116 ST,6
2015-10-22,18414.0,9402.0,116 ST,6
2015-10-23,18417.0,9768.0,116 ST,6
2015-10-24,12095.0,6820.0,116 ST,6
2015-10-25,9650.0,5873.0,116 ST,6
2015-10-26,17710.0,9353.0,116 ST,6
2015-10-27,18450.0,9605.0,116 ST,6
2015-10-28,17778.0,9621.0,116 ST,6
2015-10-29,18395.0,9650.0,116 ST,6
2015-10-30,18764.0,9933.0,116 ST,6
2015-10-31,12346.0,6574.0,116 ST,6
2015-11-01,11539.0,6915.0,116 ST,6
2015-11-02,17386.0,9147.0,116 ST,6
2015-11-03,16225.0,8893.0,116 ST,6
2015-11-04,18445.0,9553.0,116 ST,6
2015-11-05,18027.0,9877.0,116 ST,6
2015-11-06,18187.0,9855.0,116 ST,6
2015-11-07,11910.0,7188.0,116 ST,6
2015-11-08,9805.0,5912.0,116 ST,6
2015-11-09,17156.0,8870.0,116 ST,6
2015-11-10,17869.0,9666.0,116 ST,6
2015-11-11,15251.0,8334.0,116 ST,6
2015-11-12,18166.0,9789.0,116 ST,6
2015-11-13,18561.0,10081.0,116 ST,6
2015-11-14,12049.0,6980.0,116 ST,6
2015-11-16,19160.0,10291.0,116 ST,6
2015-11-17,18060.0,9713.0,116 ST,6
2015-11-18,18145.0,9818.0,116 ST,6
2015-11-19,17842.0,9528.0,116 ST,6
2015-11-20,18547.0,10246.0,116 ST,6
2015-11-21,11957.0,6845.0,116 ST,6
2015-11-22,9621.0,5716.0,116 ST,6
2015-11-23,17558.0,9394.0,116 ST,6
2015-11-24,17974.0,9553.0,116 ST,6
2015-11-25,17637.0,9596.0,116 ST,6
2015-11-26,9118.0,5476.0,116 ST,6
2015-11-27,12009.0,6889.0,116 ST,6
2015-11-28,10272.0,6642.0,116 ST,6
2015-11-29,9030.0,6085.0,116 ST,6
2015-11-30,16880.0,8812.0,116 ST,6
2015-12-01,17857.0,9631.0,116 ST,6
2015-12-02,17661.0,9418.0,116 ST,6
2015-12-03,18365.0,9541.0,116 ST,6
2015-12-04,18521.0,10120.0,116 ST,6
2015-12-05,12055.0,6731.0,116 ST,6
2015-12-06,9865.0,5583.0,116 ST,6
2015-12-07,17220.0,8811.0,116 ST,6
2015-12-08,18299.0,9637.0,116 ST,6
2015-12-09,18319.0,9511.0,116 ST,6
2015-12-10,18412.0,9311.0,116 ST,6
2015-12-11,18661.0,9813.0,116 ST,6
2015-12-12,12109.0,7078.0,116 ST,6
2015-12-13,10153.0,5628.0,116 ST,6
2015-12-14,17070.0,8761.0,116 ST,6
2015-12-15,18621.0,9403.0,116 ST,6
2015-12-16,18409.0,9575.0,116 ST,6
2015-12-17,17396.0,9311.0,116 ST,6
2015-12-18,18382.0,9757.0,116 ST,6
2015-12-19,12285.0,7045.0,116 ST,6
2015-12-20,10229.0,5881.0,116 ST,6
2015-12-21,17019.0,8801.0,116 ST,6
2015-12-22,17392.0,9113.0,116 ST,6
2015-12-23,16846.0,9175.0,116 ST,6
2015-12-24,13374.0,7660.0,116 ST,6
2015-12-25,7262.0,4332.0,116 ST,6
2015-12-26,9500.0,5257.0,116 ST,6
2015-12-27,9048.0,5373.0,116 ST,6
2015-12-28,13221.0,7392.0,116 ST,6
2015-12-29,13151.0,7235.0,116 ST,6
2015-12-30,14643.0,8014.0,116 ST,6
2015-12-31,14146.0,7892.0,116 ST,6
2016-01-01,9343.0,5262.0,116 ST,6
2016-01-02,7507.0,2970.0,116 ST,6
2016-01-03,6427.0,2747.0,116 ST,6
2016-01-04,15698.0,8035.0,116 ST,6
2016-01-05,15590.0,8412.0,116 ST,6
2016-01-06,17403.0,9127.0,116 ST,6
2016-01-07,16900.0,8907.0,116 ST,6
2016-01-08,16168.0,8555.0,116 ST,6
2016-01-09,10939.0,6202.0,116 ST,6
2016-01-10,8590.0,5121.0,116 ST,6
2016-01-11,16375.0,8442.0,116 ST,6
2016-01-12,16545.0,8865.0,116 ST,6
2016-01-13,16859.0,9036.0,116 ST,6
2016-01-14,16613.0,8815.0,116 ST,6
2016-01-15,17258.0,9436.0,116 ST,6
2016-01-16,11028.0,6204.0,116 ST,6
2016-01-17,9004.0,5334.0,116 ST,6
2016-01-18,10355.0,6226.0,116 ST,6
2016-01-19,15819.0,8267.0,116 ST,6
2016-01-20,16588.0,8377.0,116 ST,6
2016-01-21,16792.0,8941.0,116 ST,6
2016-01-22,17205.0,9294.0,116 ST,6
2016-01-23,5849.0,4321.0,116 ST,6
2016-01-24,6112.0,3302.0,116 ST,6
2016-01-25,16171.0,8372.0,116 ST,6
2016-01-26,16707.0,8782.0,116 ST,6
2016-01-27,16601.0,8680.0,116 ST,6
2016-01-28,16875.0,8951.0,116 ST,6
2016-01-29,17317.0,8847.0,116 ST,6
2016-01-30,11782.0,6952.0,116 ST,6
2016-01-31,9552.0,5607.0,116 ST,6
2016-02-01,15509.0,7364.0,116 ST,6
2016-02-02,18058.0,9356.0,116 ST,6
2016-02-03,17424.0,9105.0,116 ST,6
2016-02-04,17796.0,9221.0,116 ST,6
2016-02-05,17272.0,9067.0,116 ST,6
2016-02-06,11580.0,6805.0,116 ST,6
2016-02-07,9353.0,6048.0,116 ST,6
2016-02-08,14379.0,7526.0,116 ST,6
2016-02-09,17466.0,9110.0,116 ST,6
2016-02-10,17659.0,9281.0,116 ST,6
2016-02-11,17414.0,9125.0,116 ST,6
2016-02-12,16928.0,8897.0,116 ST,6
2016-02-13,8100.0,5534.0,116 ST,6
2016-02-14,5400.0,4132.0,116 ST,6
2016-02-15,7316.0,5119.0,116 ST,6
2016-02-16,13585.0,7499.0,116 ST,6
2016-02-17,15764.0,8027.0,116 ST,6
2016-02-18,15275.0,7857.0,116 ST,6
2016-02-19,15341.0,8127.0,116 ST,6
2016-02-20,11234.0,6446.0,116 ST,6
2016-02-21,9358.0,5865.0,116 ST,6
2016-02-23,17317.0,9025.0,116 ST,6
2016-02-24,16943.0,8651.0,116 ST,6
2016-02-25,17477.0,9114.0,116 ST,6
2016-02-26,17463.0,9048.0,116 ST,6
2016-02-27,11673.0,6550.0,116 ST,6
2016-02-28,9758.0,5662.0,116 ST,6
2016-02-29,16791.0,8742.0,116 ST,6
2016-03-01,18151.0,9401.0,116 ST,6
2016-03-02,17839.0,9242.0,116 ST,6
2016-03-03,17748.0,9202.0,116 ST,6
2016-03-04,17484.0,9236.0,116 ST,6
2016-03-05,11812.0,6644.0,116 ST,6
2016-03-06,9342.0,5400.0,116 ST,6
2016-03-07,16780.0,8635.0,116 ST,6
2016-03-08,17979.0,9172.0,116 ST,6
2016-03-09,18389.0,9198.0,116 ST,6
2016-03-10,17999.0,9277.0,116 ST,6
2016-03-11,18095.0,9425.0,116 ST,6
2016-03-12,11902.0,6595.0,116 ST,6
2016-03-13,9679.0,5624.0,116 ST,6
2016-03-14,16485.0,8601.0,116 ST,6
2016-03-15,17575.0,9205.0,116 ST,6
2016-03-16,18116.0,9165.0,116 ST,6
2016-03-17,17855.0,8904.0,116 ST,6
2016-03-18,18076.0,9272.0,116 ST,6
2016-03-19,11739.0,6513.0,116 ST,6
2016-03-20,9251.0,5496.0,116 ST,6
2016-03-21,16858.0,8652.0,116 ST,6
2016-03-22,17903.0,9349.0,116 ST,6
2016-03-23,18119.0,9214.0,116 ST,6
2016-03-24,17953.0,9452.0,116 ST,6
2016-03-25,14488.0,7787.0,116 ST,6
2016-03-26,11875.0,6833.0,116 ST,6
2016-03-27,9457.0,5768.0,116 ST,6
2016-03-28,16171.0,8461.0,116 ST,6
2016-03-29,17426.0,9266.0,116 ST,6
2016-03-30,18001.0,9069.0,116 ST,6
2016-03-31,17849.0,9026.0,116 ST,6
2016-04-01,17874.0,9288.0,116 ST,6
2016-04-02,8691.0,6190.0,116 ST,6
2016-04-03,6242.0,4730.0,116 ST,6
2016-04-04,16229.0,8544.0,116 ST,6
2016-04-05,17590.0,9175.0,116 ST,6
2016-04-06,17932.0,9060.0,116 ST,6
2016-04-07,17768.0,9015.0,116 ST,6
2016-04-08,17845.0,9159.0,116 ST,6
2016-04-09,10825.0,6250.0,116 ST,6
2016-04-10,9626.0,6020.0,116 ST,6
2016-04-11,16986.0,8630.0,116 ST,6
2016-04-12,17227.0,9097.0,116 ST,6
2016-04-13,18209.0,9161.0,116 ST,6
2016-04-14,18135.0,9129.0,116 ST,6
2016-04-15,18175.0,8935.0,116 ST,6
2016-04-16,12029.0,7232.0,116 ST,6
2016-04-17,9985.0,6098.0,116 ST,6
2016-04-18,17175.0,8759.0,116 ST,6
2016-04-19,17791.0,9015.0,116 ST,6
2016-04-20,17877.0,8918.0,116 ST,6
2016-04-21,17825.0,9279.0,116 ST,6
2016-04-22,17451.0,9004.0,116 ST,6
2016-04-23,11179.0,5921.0,116 ST,6
2016-04-24,9099.0,5293.0,116 ST,6
2016-04-25,14333.0,7235.0,116 ST,6
2016-04-26,14737.0,7564.0,116 ST,6
2016-04-27,15266.0,7863.0,116 ST,6
2016-04-28,15062.0,7747.0,116 ST,6
2016-04-29,15403.0,7983.0,116 ST,6
2016-04-30,11725.0,6322.0,116 ST,6
2016-05-01,9899.0,5935.0,116 ST,6
2016-05-02,16853.0,8475.0,116 ST,6
2016-05-03,17983.0,9293.0,116 ST,6
2016-05-04,18148.0,9442.0,116 ST,6
2016-05-05,18187.0,9346.0,116 ST,6
2016-05-06,18000.0,9190.0,116 ST,6
2016-05-07,8864.0,6315.0,116 ST,6
2016-05-08,6183.0,5212.0,116 ST,6
2016-05-09,16829.0,8558.0,116 ST,6
2016-05-10,18130.0,9394.0,116 ST,6
2016-05-11,18260.0,9198.0,116 ST,6
2016-05-12,18322.0,9052.0,116 ST,6
2016-05-13,17693.0,9394.0,116 ST,6
2016-05-14,12022.0,6594.0,116 ST,6
2016-05-15,9390.0,5510.0,116 ST,6
2016-05-16,17306.0,8557.0,116 ST,6
2016-05-17,18025.0,9320.0,116 ST,6
2016-05-18,18279.0,9230.0,116 ST,6
2016-05-19,18142.0,9173.0,116 ST,6
2016-05-20,18426.0,9572.0,116 ST,6
2016-05-21,12002.0,6521.0,116 ST,6
2016-05-22,9110.0,5408.0,116 ST,6
2016-05-23,17369.0,8476.0,116 ST,6
2016-05-24,17477.0,8706.0,116 ST,6
2016-05-25,18679.0,9201.0,116 ST,6
2016-05-26,17815.0,9085.0,116 ST,6
2016-05-27,17318.0,9037.0,116 ST,6
2016-05-28,10694.0,6055.0,116 ST,6
2016-05-29,8802.0,4794.0,116 ST,6
2016-05-30,8478.0,4742.0,116 ST,6
2016-05-31,16557.0,8434.0,116 ST,6
2016-06-01,16993.0,8441.0,116 ST,6
2016-06-02,17912.0,9018.0,116 ST,6
2016-06-03,17822.0,9245.0,116 ST,6
2016-06-04,12210.0,6240.0,116 ST,6
2016-06-05,8847.0,4935.0,116 ST,6
2016-06-06,17156.0,8562.0,116 ST,6
2016-06-07,17639.0,9097.0,116 ST,6
2016-06-08,17488.0,8850.0,116 ST,6
2016-06-09,16770.0,8701.0,116 ST,6
2016-06-10,18263.0,9239.0,116 ST,6
2016-06-11,15127.0,10880.0,116 ST,6
2016-06-12,10576.0,5785.0,116 ST,6
2016-06-13,16781.0,8718.0,116 ST,6
2016-06-14,16508.0,8696.0,116 ST,6
2016-06-15,17122.0,8640.0,116 ST,6
2016-06-16,16690.0,8697.0,116 ST,6
2016-06-17,17206.0,9076.0,116 ST,6
2016-06-18,12720.0,7049.0,116 ST,6
2016-06-19,10011.0,5881.0,116 ST,6
2016-06-20,16195.0,8371.0,116 ST,6
2016-06-21,16877.0,8523.0,116 ST,6
2016-06-22,16988.0,8519.0,116 ST,6
2016-06-23,16361.0,8272.0,116 ST,6
2016-06-24,17159.0,8863.0,116 ST,6
2016-06-25,12154.0,7005.0,116 ST,6
2016-06-26,10032.0,5831.0,116 ST,6
2016-06-27,16036.0,8335.0,116 ST,6
2016-06-28,16339.0,8649.0,116 ST,6
2016-06-29,15650.0,8146.0,116 ST,6
2016-06-30,15775.0,8164.0,116 ST,6
2016-07-01,15086.0,8092.0,116 ST,6
2016-07-02,7724.0,5351.0,116 ST,6
2016-07-03,6118.0,4586.0,116 ST,6
2016-07-04,7988.0,4449.0,116 ST,6
2016-07-05,14262.0,7620.0,116 ST,6
2016-07-06,14957.0,7884.0,116 ST,6
2016-07-07,14767.0,8081.0,116 ST,6
2016-07-08,15021.0,7831.0,116 ST,6
2016-07-09,11137.0,6676.0,116 ST,6
2016-07-10,9452.0,5675.0,116 ST,6
2016-07-11,15294.0,7985.0,116 ST,6
2016-07-12,15476.0,8177.0,116 ST,6
2016-07-13,15257.0,8041.0,116 ST,6
2016-07-14,15058.0,8053.0,116 ST,6
2016-07-15,15379.0,8221.0,116 ST,6
2016-07-16,12304.0,6766.0,116 ST,6
2016-07-17,9377.0,5538.0,116 ST,6
2016-07-18,14676.0,7779.0,116 ST,6
2016-07-19,15389.0,8085.0,116 ST,6
2016-07-20,15880.0,8120.0,116 ST,6
2016-07-21,15653.0,8223.0,116 ST,6
2016-07-22,15450.0,8096.0,116 ST,6
2016-07-23,11084.0,6213.0,116 ST,6
2016-07-24,9277.0,5494.0,116 ST,6
2016-07-25,14317.0,7600.0,116 ST,6
2016-07-26,15138.0,7711.0,116 ST,6
2016-07-27,15455.0,8075.0,116 ST,6
2016-07-28,15262.0,7759.0,116 ST,6
2016-07-29,14846.0,8011.0,116 ST,6
2016-07-30,11080.0,6649.0,116 ST,6
2016-07-31,8776.0,5499.0,116 ST,6
2016-08-01,14975.0,7591.0,116 ST,6
2016-08-02,15117.0,7898.0,116 ST,6
2016-08-03,15594.0,8383.0,116 ST,6
2016-08-04,15646.0,8139.0,116 ST,6
2016-08-05,15644.0,8255.0,116 ST,6
2016-08-06,11323.0,6350.0,116 ST,6
2016-08-07,9839.0,5460.0,116 ST,6
2016-08-08,14754.0,7653.0,116 ST,6
2016-08-09,14927.0,7769.0,116 ST,6
2016-08-10,14991.0,7912.0,116 ST,6
2016-08-11,14822.0,7716.0,116 ST,6
2016-08-12,14610.0,7763.0,116 ST,6
2016-08-13,10779.0,5960.0,116 ST,6
2016-08-14,8592.0,4954.0,116 ST,6
2016-08-15,14165.0,6977.0,116 ST,6
2016-08-16,14397.0,7393.0,116 ST,6
2016-08-17,14735.0,7573.0,116 ST,6
2016-08-18,14538.0,7732.0,116 ST,6
2016-08-19,14861.0,7815.0,116 ST,6
2016-08-20,10944.0,6110.0,116 ST,6
2016-08-21,9096.0,5526.0,116 ST,6
2016-08-22,13789.0,7297.0,116 ST,6
2016-08-23,14277.0,7600.0,116 ST,6
2016-08-24,14717.0,7603.0,116 ST,6
2016-08-25,14614.0,7656.0,116 ST,6
2016-08-26,14983.0,7900.0,116 ST,6
2016-08-27,11452.0,6324.0,116 ST,6
2016-08-28,9318.0,5135.0,116 ST,6
2016-08-29,14412.0,7462.0,116 ST,6
2016-08-30,14921.0,7870.0,116 ST,6
2016-08-31,15085.0,7884.0,116 ST,6
2016-09-01,14983.0,7677.0,116 ST,6
2016-09-03,10948.0,6097.0,116 ST,6
2016-09-04,9029.0,5052.0,116 ST,6
2016-09-05,8701.0,4761.0,116 ST,6
2016-09-06,15253.0,8008.0,116 ST,6
2016-09-07,13393.0,7746.0,116 ST,6
2016-09-08,17226.0,8795.0,116 ST,6
2016-09-09,17760.0,9042.0,116 ST,6
2016-09-10,11315.0,6226.0,116 ST,6
2016-09-11,9313.0,5182.0,116 ST,6
2016-09-12,15349.0,7665.0,116 ST,6
2016-09-13,17755.0,8860.0,116 ST,6
2016-09-14,17819.0,9171.0,116 ST,6
2016-09-15,17797.0,8966.0,116 ST,6
2016-09-16,18168.0,9064.0,116 ST,6
2016-09-17,12916.0,6888.0,116 ST,6
2016-09-18,10895.0,6039.0,116 ST,6
2016-09-19,16878.0,8244.0,116 ST,6
2016-09-20,17784.0,8902.0,116 ST,6
2016-09-21,17997.0,9143.0,116 ST,6
2016-09-22,17694.0,9307.0,116 ST,6
2016-09-23,17689.0,9109.0,116 ST,6
2016-09-24,13054.0,6926.0,116 ST,6
2016-09-25,10528.0,5953.0,116 ST,6
2016-09-26,17205.0,8461.0,116 ST,6
2016-09-27,17838.0,8832.0,116 ST,6
2016-09-28,17501.0,8759.0,116 ST,6
2016-09-29,17669.0,8915.0,116 ST,6
2016-09-30,17858.0,9364.0,116 ST,6
2016-10-01,12420.0,6678.0,116 ST,6
2016-10-02,10236.0,5695.0,116 ST,6
2016-10-03,14639.0,7748.0,116 ST,6
2016-10-04,14952.0,7719.0,116 ST,6
2016-10-05,18046.0,9023.0,116 ST,6
2016-10-06,17927.0,8779.0,116 ST,6
2016-10-07,18125.0,8814.0,116 ST,6
2016-10-08,12408.0,6590.0,116 ST,6
2016-10-09,9872.0,5449.0,116 ST,6
2016-10-10,12731.0,6758.0,116 ST,6
2016-10-11,16994.0,8744.0,116 ST,6
2016-10-12,15033.0,7825.0,116 ST,6
2016-10-13,17812.0,8787.0,116 ST,6
2016-10-14,18194.0,9323.0,116 ST,6
2016-10-15,13007.0,6834.0,116 ST,6
2016-10-16,10456.0,6051.0,116 ST,6
2016-10-17,17037.0,8606.0,116 ST,6
2016-10-18,17762.0,8763.0,116 ST,6
2016-10-19,18165.0,8975.0,116 ST,6
2016-10-20,17758.0,9017.0,116 ST,6
2016-10-21,17742.0,9048.0,116 ST,6
2016-10-22,11436.0,6632.0,116 ST,6
2016-10-23,9809.0,5958.0,116 ST,6
2016-10-24,17174.0,8640.0,116 ST,6
2016-10-25,17958.0,8938.0,116 ST,6
2016-10-26,18341.0,8775.0,116 ST,6
2016-10-27,17637.0,8924.0,116 ST,6
2016-10-28,18031.0,9021.0,116 ST,6
2016-10-29,12322.0,6864.0,116 ST,6
2016-10-30,9929.0,5921.0,116 ST,6
2016-10-31,16687.0,8057.0,116 ST,6
2016-11-01,18262.0,9152.0,116 ST,6
2016-11-02,18382.0,9216.0,116 ST,6
2016-11-03,17936.0,8879.0,116 ST,6
2016-11-04,18454.0,9226.0,116 ST,6
2016-11-05,9222.0,6173.0,116 ST,6
2016-11-06,10566.0,6065.0,116 ST,6
2016-11-07,17283.0,8692.0,116 ST,6
2016-11-08,15811.0,8378.0,116 ST,6
2016-11-09,17875.0,8811.0,116 ST,6
2016-11-10,18106.0,9053.0,116 ST,6
2016-11-11,15438.0,7972.0,116 ST,6
2016-11-12,11909.0,7056.0,116 ST,6
2016-11-13,9878.0,5873.0,116 ST,6
2016-11-14,17110.0,8413.0,116 ST,6
2016-11-15,17104.0,8511.0,116 ST,6
2016-11-16,18282.0,9255.0,116 ST,6
2016-11-17,17896.0,9003.0,116 ST,6
2016-11-18,18417.0,9476.0,116 ST,6
2016-11-19,12288.0,7145.0,116 ST,6
2016-11-20,9758.0,5956.0,116 ST,6
2016-11-21,17144.0,8506.0,116 ST,6
2016-11-22,18064.0,8960.0,116 ST,6
2016-11-23,17595.0,9122.0,116 ST,6
2016-11-24,8727.0,5120.0,116 ST,6
2016-11-25,11424.0,6266.0,116 ST,6
2016-11-26,10278.0,5842.0,116 ST,6
2016-11-27,9105.0,5219.0,116 ST,6
2016-11-28,16736.0,8320.0,116 ST,6
2016-11-29,17365.0,8834.0,116 ST,6
2016-11-30,17445.0,8621.0,116 ST,6
2016-12-01,18199.0,9139.0,116 ST,6
2016-12-02,18603.0,9485.0,116 ST,6
2016-12-03,12258.0,7048.0,116 ST,6
2016-12-04,9964.0,5746.0,116 ST,6
2016-12-05,17228.0,8471.0,116 ST,6
2016-12-06,18104.0,9129.0,116 ST,6
2016-12-07,18214.0,9428.0,116 ST,6
2016-12-08,18150.0,9034.0,116 ST,6
2016-12-09,18111.0,9197.0,116 ST,6
2016-12-10,11831.0,6586.0,116 ST,6
2016-12-11,9714.0,5529.0,116 ST,6
2016-12-12,16613.0,8152.0,116 ST,6
2016-12-13,17717.0,8916.0,116 ST,6
2016-12-14,17957.0,9002.0,116 ST,6
2016-12-15,17412.0,8915.0,116 ST,6
2016-12-16,17065.0,8986.0,116 ST,6
2016-12-17,11074.0,6359.0,116 ST,6
2016-12-18,9893.0,5781.0,116 ST,6
2016-12-19,16829.0,8580.0,116 ST,6
2016-12-20,17567.0,9071.0,116 ST,6
2016-12-21,17912.0,8957.0,116 ST,6
2016-12-22,17153.0,8940.0,116 ST,6
2016-12-23,16600.0,8934.0,116 ST,6
2016-12-24,10310.0,5924.0,116 ST,6
2016-12-25,6947.0,4228.0,116 ST,6
2016-12-26,9077.0,4957.0,116 ST,6
2016-12-27,12929.0,6781.0,116 ST,6
2016-12-28,14007.0,7614.0,116 ST,6
2016-12-29,13166.0,7118.0,116 ST,6
2016-12-30,14501.0,7858.0,116 ST,6
2016-12-31,10712.0,6010.0,116 ST,6
2017-01-01,8095.0,4649.0,116 ST,6
2017-01-02,9256.0,5016.0,116 ST,6
2017-01-03,15101.0,7999.0,116 ST,6
2017-01-04,16325.0,8612.0,116 ST,6
2017-01-05,16460.0,8599.0,116 ST,6
2017-01-06,17096.0,9094.0,116 ST,6
2017-01-07,9984.0,6054.0,116 ST,6
2017-01-08,8025.0,5041.0,116 ST,6
2017-01-09,15027.0,7778.0,116 ST,6
2017-01-10,16041.0,8376.0,116 ST,6
2017-01-11,16598.0,8812.0,116 ST,6
2017-01-12,16388.0,8464.0,116 ST,6
2017-01-13,17167.0,9059.0,116 ST,6
2017-01-14,10748.0,6069.0,116 ST,6
2017-01-15,8897.0,5261.0,116 ST,6
2017-01-16,10585.0,6315.0,116 ST,6
2017-01-17,15867.0,8296.0,116 ST,6
2017-01-18,16440.0,8412.0,116 ST,6
2017-01-19,16678.0,8382.0,116 ST,6
2017-01-20,16909.0,8892.0,116 ST,6
2017-01-21,12182.0,6670.0,116 ST,6
2017-01-22,8958.0,5393.0,116 ST,6
2017-01-23,15149.0,7914.0,116 ST,6
2017-01-24,14767.0,7568.0,116 ST,6
2017-01-25,15618.0,8107.0,116 ST,6
2017-01-26,16329.0,8285.0,116 ST,6
2017-01-27,16399.0,8714.0,116 ST,6
2017-01-28,11079.0,6541.0,116 ST,6
2017-01-29,9224.0,5712.0,116 ST,6
2017-01-30,15362.0,7888.0,116 ST,6
2017-01-31,16673.0,8697.0,116 ST,6
2017-02-01,17412.0,8880.0,116 ST,6
2017-02-02,17587.0,9219.0,116 ST,6
2017-02-03,17562.0,8971.0,116 ST,6
2017-02-04,11261.0,6542.0,116 ST,6
2017-02-05,9013.0,5570.0,116 ST,6
2017-02-06,16576.0,8219.0,116 ST,6
2017-02-07,16662.0,8803.0,116 ST,6
2017-02-08,17493.0,8852.0,116 ST,6
2017-02-09,9686.0,5601.0,116 ST,6
2017-02-10,16630.0,8349.0,116 ST,6
2017-02-11,11778.0,6986.0,116 ST,6
2017-02-12,8437.0,5223.0,116 ST,6
2017-02-13,15976.0,8333.0,116 ST,6
2017-02-14,17510.0,8955.0,116 ST,6
2017-02-15,17313.0,9046.0,116 ST,6
2017-02-16,16840.0,8792.0,116 ST,6
2017-02-17,17042.0,9151.0,116 ST,6
2017-02-18,11282.0,6455.0,116 ST,6
2017-02-19,9507.0,5419.0,116 ST,6
2017-02-20,10860.0,5737.0,116 ST,6
2017-02-21,14723.0,7704.0,116 ST,6
2017-02-22,14800.0,7908.0,116 ST,6
2017-02-23,15115.0,7739.0,116 ST,6
2017-02-24,15141.0,8271.0,116 ST,6
2017-02-25,11304.0,6645.0,116 ST,6
2017-02-26,9020.0,5637.0,116 ST,6
2017-02-27,16256.0,8215.0,116 ST,6
2017-02-28,17078.0,9052.0,116 ST,6
2017-03-01,17083.0,8932.0,116 ST,6
2017-03-02,17246.0,8950.0,116 ST,6
2017-03-03,17634.0,9255.0,116 ST,6
2017-03-04,10857.0,6081.0,116 ST,6
2017-03-05,8311.0,4941.0,116 ST,6
2017-03-06,16124.0,8314.0,116 ST,6
2017-03-07,16923.0,8677.0,116 ST,6
2017-03-08,17008.0,8877.0,116 ST,6
2017-03-09,17412.0,9000.0,116 ST,6
2017-03-10,16693.0,8915.0,116 ST,6
2017-03-11,11054.0,6489.0,116 ST,6
2017-03-12,8815.0,5384.0,116 ST,6
2017-03-13,16933.0,8396.0,116 ST,6
2017-03-14,4662.0,2998.0,116 ST,6
2017-03-15,15955.0,7916.0,116 ST,6
2017-03-16,17632.0,9150.0,116 ST,6
2017-03-17,18317.0,9529.0,116 ST,6
2017-03-18,11418.0,6529.0,116 ST,6
2017-03-19,8990.0,5490.0,116 ST,6
2017-03-20,16878.0,8795.0,116 ST,6
2017-03-21,17441.0,9054.0,116 ST,6
2017-03-22,17429.0,9090.0,116 ST,6
2017-03-23,17198.0,9043.0,116 ST,6
2017-03-24,17063.0,9384.0,116 ST,6
2017-03-25,11104.0,6234.0,116 ST,6
2017-03-26,8648.0,5304.0,116 ST,6
2017-03-27,16142.0,8372.0,116 ST,6
2017-03-28,16812.0,8732.0,116 ST,6
2017-03-29,17315.0,8956.0,116 ST,6
2017-03-30,17140.0,9311.0,116 ST,6
2017-03-31,16450.0,8654.0,116 ST,6
2017-04-01,11285.0,6749.0,116 ST,6
2017-04-02,9273.0,5734.0,116 ST,6
2017-04-03,16563.0,8528.0,116 ST,6
2017-04-04,16797.0,8845.0,116 ST,6
2017-04-05,17024.0,8714.0,116 ST,6
2017-04-06,16362.0,8586.0,116 ST,6
2017-04-07,17172.0,9193.0,116 ST,6
2017-04-08,11825.0,6576.0,116 ST,6
2017-04-09,9613.0,5795.0,116 ST,6
2017-04-10,14361.0,7492.0,116 ST,6
2017-04-11,14800.0,7349.0,116 ST,6
2017-04-12,14980.0,7887.0,116 ST,6
2017-04-13,15000.0,7981.0,116 ST,6
2017-04-14,14171.0,7447.0,116 ST,6
2017-04-15,11118.0,6666.0,116 ST,6
2017-04-16,9190.0,5533.0,116 ST,6
2017-04-17,13910.0,7545.0,116 ST,6
2017-04-18,14637.0,7866.0,116 ST,6
2017-04-19,17074.0,9092.0,116 ST,6
2017-04-20,16979.0,8942.0,116 ST,6
2017-04-21,16985.0,9130.0,116 ST,6
2017-04-22,11206.0,6537.0,116 ST,6
2017-04-23,9638.0,5854.0,116 ST,6
2017-04-24,16482.0,8170.0,116 ST,6
2017-04-25,16490.0,8782.0,116 ST,6
2017-04-26,17051.0,8985.0,116 ST,6
2017-04-27,17323.0,9310.0,116 ST,6
2017-04-28,17529.0,9310.0,116 ST,6
2017-04-29,11590.0,6627.0,116 ST,6
2017-04-30,9352.0,5845.0,116 ST,6
2017-05-01,16637.0,8889.0,116 ST,6
2017-05-02,17414.0,9112.0,116 ST,6
2017-05-03,17600.0,9371.0,116 ST,6
2017-05-04,17795.0,9156.0,116 ST,6
2017-05-05,16313.0,8501.0,116 ST,6
2017-05-06,11628.0,6900.0,116 ST,6
2017-05-07,10820.0,6840.0,116 ST,6
2017-05-08,16529.0,8735.0,116 ST,6
2017-05-09,17364.0,9162.0,116 ST,6
2017-05-10,17113.0,9164.0,116 ST,6
2017-05-11,17238.0,8993.0,116 ST,6
2017-05-12,17777.0,9348.0,116 ST,6
2017-05-13,7809.0,3865.0,116 ST,6
2017-05-14,6374.0,3107.0,116 ST,6
2017-05-15,16021.0,8216.0,116 ST,6
2017-05-16,17417.0,9009.0,116 ST,6
2017-05-17,17525.0,9336.0,116 ST,6
2017-05-18,17272.0,8709.0,116 ST,6
2017-05-19,17592.0,9172.0,116 ST,6
2017-05-20,12018.0,6830.0,116 ST,6
2017-05-21,9687.0,6050.0,116 ST,6
2017-05-22,15919.0,8356.0,116 ST,6
2017-05-23,17195.0,8893.0,116 ST,6
2017-05-24,17198.0,8971.0,116 ST,6
2017-05-25,17097.0,9083.0,116 ST,6
2017-05-26,17096.0,9160.0,116 ST,6
